,items
1,CHRISTMAS LIGHTS 10 REINDEER,VINTAGE UNION JACK CUSHION COVER,VINTAGE HEADS AND TAILS CARD GAME,SET OF 3 COLOURED  FLYING DUCKS,SET OF 3 GOLD FLYING DUCKS,RED RETROSPOT UMBRELLA,BLACK/BLUE POLKADOT UMBRELLA,RED DINER WALL CLOCK,ALARM CLOCK BAKELIKE GREEN,ALARM CLOCK BAKELIKE RED,BLUE DINER WALL CLOCK,IVORY DINER WALL CLOCK,LARGE HEART MEASURING SPOONS,SMALL HEART MEASURING SPOONS
2,BOX OF 24 COCKTAIL PARASOLS,GROW YOUR OWN PLANT IN A CAN,CHILDREN'S APRON DOLLY GIRL,RETROSPOT CHILDRENS APRON,PLASTERS IN TIN CIRCUS PARADE,PLASTERS IN TIN STRONGMAN,PLASTERS IN TIN WOODLAND ANIMALS,PLASTERS IN TIN SKULLS,PLASTERS IN TIN SPACEBOY,MINI JIGSAW DINOSAUR,MINI JIGSAW SPACEBOY,MINI JIGSAW BAKE A CAKE,MINI JIGSAW CIRCUS PARADE,MINI JIGSAW DOLLY GIRL,MAGIC DRAWING SLATE SPACEBOY,MAGIC DRAWING SLATE DOLLY GIRL,MAGIC DRAWING SLATE CIRCUS PARADE,WOODEN SCHOOL COLOURING SET,PACK OF 12 TRADITIONAL CRAYONS,CARD PARTY GAMES,BOOZE & WOMEN GREETING CARD,FANCY FONT BIRTHDAY CARD,,CARD CIRCUS PARADE,HAND WARMER SCOTTY DOG DESIGN,HAND WARMER RED RETROSPOT,HAND WARMER OWL DESIGN,HOT WATER BOTTLE TEA AND SYMPATHY,PACK OF 12 SUKI TISSUES,PACK OF 12 WOODLAND TISSUES,PACK OF 12 SKULL TISSUES,BLUE PAISLEY TISSUE BOX,PACK OF 12 BLUE PAISLEY TISSUES,PACK OF 12 CIRCUS PARADE TISSUES,PACK OF 12 RED RETROSPOT TISSUES,PACK OF 12 SPACEBOY TISSUES,LADS ONLY TISSUE BOX,RED RETROSPOT TISSUE BOX,PACK OF 12 PINK PAISLEY TISSUES,PLASTERS IN TIN VINTAGE PAISLEY,POLKADOT RAIN HAT,SET/20 RED RETROSPOT PAPER NAPKINS,JAM JAR WITH GREEN LID,JAM JAR WITH PINK LID,JAM MAKING SET PRINTED,SET OF 20 KIDS COOKIE CUTTERS,GINGERBREAD MAN COOKIE CUTTER,GIN AND TONIC MUG,IF YOU CAN'T STAND THE HEAT MUG,I CAN ONLY PLEASE ONE PERSON MUG,36 FOIL HEART CAKE CASES,PINK HEART SHAPE EGG FRYING PAN,60 TEATIME FAIRY CAKE CASES,72 SWEETHEART FAIRY CAKE CASES,PACK OF 72 SKULL CAKE CASES,PACK OF 60 PINK PAISLEY CAKE CASES,PACK OF 72 RETROSPOT CAKE CASES,LARGE POPCORN HOLDER,SMALL POPCORN HOLDER,200 RED + WHITE BENDY STRAWS,RECIPE BOX RETROSPOT,RECIPE BOX PANTRY YELLOW DESIGN,RECIPE BOX BLUE SKETCHBOOK DESIGN,CLOTHES PEGS RETROSPOT PACK 24,20 DOLLY PEGS RETROSPOT,LADIES & GENTLEMEN METAL SIGN,COOK WITH WINE METAL SIGN,HAND OVER THE CHOCOLATE   SIGN,NO SINGING METAL SIGN,RED HANGING HEART T-LIGHT HOLDER,DOORMAT RED RETROSPOT,BISCUIT TIN VINTAGE RED,EMERGENCY FIRST AID TIN,FIRST AID TIN
3,ALARM CLOCK BAKELIKE PINK,ALARM CLOCK BAKELIKE RED,ALARM CLOCK BAKELIKE GREEN,PANDA AND BUNNIES STICKER SHEET,STARS GIFT TAPE,INFLATABLE POLITICAL GLOBE,VINTAGE HEADS AND TAILS CARD GAME,SET/2 RED RETROSPOT TEA TOWELS,ROUND SNACK BOXES SET OF4 WOODLAND,SPACEBOY LUNCH BOX,LUNCH BOX I LOVE LONDON,CIRCUS PARADE LUNCH BOX,CHARLOTTE BAG DOLLY GIRL DESIGN,RED TOADSTOOL LED NIGHT LIGHT,SET 2 TEA TOWELS I LOVE LONDON,VINTAGE SEASIDE JIGSAW PUZZLES,MINI JIGSAW CIRCUS PARADE,MINI JIGSAW SPACEBOY,MINI PAINT SET VINTAGE,POSTAGE
4,SET OF 6 T-LIGHTS SANTA,ROTATING SILVER ANGELS T-LIGHT HLDR,MULTI COLOUR SILVER T-LIGHT HOLDER,5 HOOK HANGER MAGIC TOADSTOOL,3 HOOK HANGER MAGIC GARDEN,5 HOOK HANGER RED MAGIC TOADSTOOL,ASSORTED COLOUR LIZARD SUCTION HOOK,JUMBO BAG WOODLAND ANIMALS,JUMBO BAG OWLS,HOT WATER BOTTLE BABUSHKA,HOMEMADE JAM SCENTED CANDLES,CHILDREN'S CIRCUS PARADE MUG,PACK 3 FIRE ENGINE/CAR PATCHES,PICTURE DOMINOES,POSTAGE
5,CREAM SWEETHEART EGG HOLDER
6,HAND WARMER BIRD DESIGN,POSTAGE
7,60 CAKE CASES VINTAGE CHRISTMAS,PAPER CHAIN KIT VINTAGE CHRISTMAS,RIBBON REEL CHRISTMAS SOCK BAUBLE,RIBBON REEL SNOWY VILLAGE,RIBBON REEL MAKING SNOWMEN,SET OF 20 VINTAGE CHRISTMAS NAPKINS,TURQUOISE CHRISTMAS TREE,RED STAR CARD HOLDER,WICKER WREATH SMALL,HEART OF WICKER LARGE,ADVENT CALENDAR GINGHAM SACK,HEART OF WICKER SMALL,FELTCRAFT BUTTERFLY HEARTS,PARTY CONE CHRISTMAS DECORATION,VINTAGE HEADS AND TAILS CARD GAME,WICKER STAR,VINTAGE SNAP CARDS,FELTCRAFT 6 FLOWER FRIENDS,SET 2 TEA TOWELS I LOVE LONDON,JAM MAKING SET PRINTED,BIRD DECORATION RED RETROSPOT,CHRISTMAS GINGHAM TREE,CHRISTMAS GINGHAM STAR,CHRISTMAS GINGHAM HEART,PACK OF 12 PINK POLKADOT TISSUES,FELTCRAFT PRINCESS LOLA DOLL,PACK OF 12 LONDON TISSUES,PURPLE DRAWERKNOB ACRYLIC EDWARDIAN,CHILDREN'S APRON DOLLY GIRL,CHILDRENS APRON SPACEBOY DESIGN,CHRISTMAS LIGHTS 10 SANTAS,CHRISTMAS LIGHTS 10 REINDEER,PAPER CHAIN KIT 50'S CHRISTMAS,FELTCRAFT CHRISTMAS FAIRY,PACK OF 72 RETROSPOT CAKE CASES,PACK OF 60 MUSHROOM CAKE CASES,60 CAKE CASES DOLLY GIRL DESIGN,PACK OF 60 PINK PAISLEY CAKE CASES,HAND WARMER BABUSHKA DESIGN,HAND WARMER BIRD DESIGN,HAND WARMER OWL DESIGN,HAND WARMER RED RETROSPOT,SET 12 RETRO WHITE CHALK STICKS,FELTCRAFT HAIRBAND RED AND BLUE,FELTCRAFT HAIRBAND PINK AND PURPLE,FELTCRAFT HAIRBANDS PINK AND WHITE,TV DINNER TRAY DOLLY GIRL,PLASTERS IN TIN VINTAGE PAISLEY,PLASTERS IN TIN SPACEBOY,PLASTERS IN TIN WOODLAND ANIMALS,MAGIC DRAWING SLATE SPACEBOY,MAGIC DRAWING SLATE CIRCUS PARADE,MAGIC DRAWING SLATE GO TO THE FAIR,MAGIC DRAWING SLATE DOLLY GIRL,CHARLIE + LOLA RED HOT WATER BOTTLE,HOT WATER BOTTLE BABUSHKA,URBAN BLACK RIBBONS,FELTCRAFT PRINCESS CHARLOTTE DOLL,SET OF 6 T-LIGHTS TOADSTOOLS
8,CHRISTMAS LIGHTS 10 VINTAGE BAUBLES,BABUSHKA LIGHTS STRING OF 10,FELTCRAFT 6 FLOWER FRIENDS,RETROSPOT HEART HOT WATER BOTTLE,VICTORIAN SEWING BOX SMALL,HOMEMADE JAM SCENTED CANDLES,ROSES REGENCY TEACUP AND SAUCER,T-LIGHT HOLDER HANGING LACE,HANGING HEART MIRROR DECORATION,LOVEBIRD HANGING DECORATION WHITE,SCOTTIE DOG HOT WATER BOTTLE,HEART FILIGREE DOVE  SMALL
9,ASSORTED COLOUR BIRD ORNAMENT,POPPY'S PLAYHOUSE BEDROOM,POPPY'S PLAYHOUSE KITCHEN,FELTCRAFT PRINCESS CHARLOTTE DOLL,IVORY KNITTED MUG COSY,BOX OF 6 ASSORTED COLOUR TEASPOONS,BOX OF VINTAGE JIGSAW BLOCKS,BOX OF VINTAGE ALPHABET BLOCKS,HOME BUILDING BLOCK WORD,LOVE BUILDING BLOCK WORD,RECIPE BOX WITH METAL HEART,DOORMAT NEW ENGLAND,JAM MAKING SET WITH JARS,RED COAT RACK PARIS FASHION,YELLOW COAT RACK PARIS FASHION,BLUE COAT RACK PARIS FASHION,BATH BUILDING BLOCK WORD
10,ROTATING LEAVES T-LIGHT HOLDER,RED  HARMONICA IN BOX,CUPCAKE LACE PAPER SET 6,FAMILY PHOTO FRAME CORNICE,TRIPLE PHOTO FRAME CORNICE,WOODEN FRAME ANTIQUE WHITE
11,FANCY FONT BIRTHDAY CARD,,HAND WARMER UNION JACK,HAND WARMER SCOTTY DOG DESIGN,HAND WARMER OWL DESIGN,HAND WARMER RED RETROSPOT,RETROSPOT HEART HOT WATER BOTTLE,DOG BOWL CHASING BALL DESIGN,CLOTHES PEGS RETROSPOT PACK 24,HAND OVER THE CHOCOLATE   SIGN,WHITE HANGING HEART T-LIGHT HOLDER,TRAVEL SEWING KIT
12,PACK OF 12 RED RETROSPOT TISSUES,RED RETROSPOT MUG,BABUSHKA LIGHTS STRING OF 10,PIGGY BANK RETROSPOT,SET 7 BABUSHKA NESTING BOXES,DOORMAT FAIRY CAKE,HAND WARMER RED RETROSPOT,HAND WARMER SCOTTY DOG DESIGN,HAND WARMER OWL DESIGN,STRAWBERRY CERAMIC TRINKET BOX,PINK DOUGHNUT TRINKET POT,SILK PURSE BABUSHKA PINK,HOT WATER BOTTLE TEA AND SYMPATHY,HOT WATER BOTTLE I AM SO POORLY,CHOCOLATE HOT WATER BOTTLE,WHITE SKULL HOT WATER BOTTLE,SCOTTIE DOG HOT WATER BOTTLE,HOMEMADE JAM SCENTED CANDLES
13,RED RETROSPOT OVEN GLOVE,CREAM HEART CARD HOLDER,NAMASTE SWAGAT INCENSE,CERAMIC STRAWBERRY DESIGN MUG,BLACK HEART CARD HOLDER,CLASSICAL ROSE SMALL VASE
14,3 STRIPEY MICE FELTCRAFT,SET OF 6 SOLDIER SKITTLES,TRADITIONAL WOODEN SKIPPING ROPE,WOODEN BOX OF DOMINOES,RUSTIC  SEVENTEEN DRAWER SIDEBOARD,PARTY CONES CARNIVAL ASSORTED,PARTY CONES CANDY ASSORTED,PICNIC BASKET WICKER SMALL,ASSORTED COLOUR BIRD ORNAMENT,STAR DECORATION PAINTED ZINC
15,RETROSPOT LAMP
16,PAPER CHAIN KIT 50'S CHRISTMAS
17,HOT WATER BOTTLE BABUSHKA,PACK OF 6 BIRDY GIFT TAGS,CHILLI LIGHTS,PIGGY BANK RETROSPOT,CERAMIC STRAWBERRY MONEY BOX,CERAMIC STRAWBERRY CAKE MONEY BANK,CERAMIC CHERRY CAKE MONEY BANK,CERAMIC HEART FAIRY CAKE MONEY BANK,CERAMIC PIRATE CHEST MONEY BANK,DOORSTOP RETROSPOT HEART,GINGHAM HEART  DOORSTOP RED,RETROSPOT BABUSHKA DOORSTOP,SILK PURSE BABUSHKA RED,SILK PURSE BABUSHKA PINK,FAMILY PHOTO FRAME CORNICE,SWEETHEART WIRE WALL TIDY,JAM MAKING SET PRINTED
18,BLACK HEART CARD HOLDER,ASSORTED COLOUR BIRD ORNAMENT,PACK OF 60 PINK PAISLEY CAKE CASES,60 TEATIME FAIRY CAKE CASES,PACK OF 72 RETROSPOT CAKE CASES,CHICK GREY HOT WATER BOTTLE,SMALL GLASS HEART TRINKET POT,ALARM CLOCK BAKELIKE IVORY,ALARM CLOCK BAKELIKE RED,ALARM CLOCK BAKELIKE ORANGE,ALARM CLOCK BAKELIKE GREEN,HOT WATER BOTTLE TEA AND SYMPATHY,HAND WARMER BIRD DESIGN,HAND WARMER SCOTTY DOG DESIGN
19,VICTORIAN  METAL POSTCARD SPRING,METAL 4 HOOK HANGER FRENCH CHATEAU,BLACK KITCHEN SCALES,RED KITCHEN SCALES,IVORY KITCHEN SCALES,JUMBO BAG PINK VINTAGE PAISLEY,JUMBO BAG RED RETROSPOT,JUMBO SHOPPER VINTAGE RED PAISLEY,GREY HEART HOT WATER BOTTLE
20,SET/5 RED RETROSPOT LID GLASS BOWLS
21,EIGHT PIECE DINOSAUR SET,VINTAGE HEADS AND TAILS CARD GAME,HEADS AND TAILS SPORTING FUN,FELTCRAFT 6 FLOWER FRIENDS,ASS COL SMALL SAND GECKO P'WEIGHT,REGENCY CAKESTAND 3 TIER,ENAMEL MEASURING JUG CREAM,ENAMEL FIRE BUCKET CREAM,12 PENCILS SMALL TUBE SKULL,12 PENCIL SMALL TUBE WOODLAND,BLUE PAPER PARASOL,HANGING MEDINA LANTERN SMALL,RED RETROSPOT MINI CASES
22,CAKE PLATE LOVEBIRD WHITE,WOODEN ADVENT CALENDAR RED,STAR PORTABLE TABLE LIGHT,GREEN CHRISTMAS TREE CARD HOLDER,STRING OF STARS CARD HOLDER,SET/12 TAPER CANDLES,VICTORIAN SEWING BOX LARGE,MINT KITCHEN SCALES,WHITE WOOD GARDEN PLANT LADDER
23,MAGIC DRAWING SLATE DINOSAUR,MAGIC DRAWING SLATE BAKE A CAKE,12 PENCILS TALL TUBE SKULLS,CHOCOLATE CALCULATOR,RED  HARMONICA IN BOX,BLUE HARMONICA IN BOX,SKULLS  WATER TRANSFER TATTOOS,PACK 3 BOXES BIRD PANNETONE,HOT WATER BOTTLE TEA AND SYMPATHY,RED WOOLLY HOTTIE WHITE HEART.,WHITE SKULL HOT WATER BOTTLE,3 PIECE SPACEBOY COOKIE CUTTER SET,SET OF 20 KIDS COOKIE CUTTERS,10 COLOUR SPACEBOY PEN,VICTORIAN GLASS HANGING T-LIGHT,SINGLE HEART ZINC T-LIGHT HOLDER,RED HANGING HEART T-LIGHT HOLDER,HANGING METAL STAR LANTERN,SILVER HANGING T-LIGHT HOLDER,DOORMAT RED RETROSPOT,DOORMAT HEARTS,NATURAL SLATE RECTANGLE CHALKBOARD,LOVEBIRD HANGING DECORATION WHITE,ASSORTED COLOUR BIRD ORNAMENT,HOME BUILDING BLOCK WORD,LOVE BUILDING BLOCK WORD,PHOTO FRAME CORNICE,PENS ASSORTED FUNNY FACE,CARD CIRCUS PARADE,WRAP COWBOYS,AIRLINE BAG VINTAGE TOKYO 78,RED RETROSPOT UMBRELLA,BLACK/BLUE POLKADOT UMBRELLA,RED 3 PIECE RETROSPOT CUTLERY SET,PACK OF 72 RETROSPOT CAKE CASES,SET OF 72 RETROSPOT PAPER  DOILIES,BLUE COAT RACK PARIS FASHION,PLASTERS IN TIN SKULLS,SLEEPING CAT ERASERS,CARD BIRTHDAY COWBOY,PACK 3 BOXES CHRISTMAS PANNETONE,ROTATING SILVER ANGELS T-LIGHT HLDR,COSY HOUR GIANT TUBE MATCHES,RIBBON REEL MAKING SNOWMEN,MINI PAINT SET VINTAGE,4 TRADITIONAL SPINNING TOPS,SET OF 6 SOLDIER SKITTLES,BAG 500g SWIRLY MARBLES
24,Discount
25,RED FLOWER CROCHET FOOD COVER,CHERRY CROCHET FOOD COVER,STRAWBERRY RAFFIA FOOD COVER,POLKA DOT RAFFIA FOOD COVER,DOORMAT FANCY FONT HOME SWEET HOME,DOORMAT TOPIARY,DOORMAT SPOTTY HOME SWEET HOME,T-LIGHT GLASS FLUTED ANTIQUE,SILVER HANGING T-LIGHT HOLDER,PAPER CHAIN KIT 50'S CHRISTMAS,PAPER CHAIN KIT VINTAGE CHRISTMAS,NATURAL SLATE HEART CHALKBOARD,SILVER  CANDLEPOT JARDIN,SET 7 BABUSHKA NESTING BOXES,POLKADOT MUG PINK,PAPER BUNTING COLOURED LACE,LARGE HEART MEASURING SPOONS,HEART OF WICKER LARGE,HEART OF WICKER SMALL,METAL 4 HOOK HANGER FRENCH CHATEAU,PACK OF 6 PANNETONE GIFT BOXES,PACK OF 6 HANDBAG GIFT BOXES,ANTIQUE GLASS HEART DECORATION,SET OF 6 KASHMIR FOLKART BAUBLES,CHRISTMAS RETROSPOT ANGEL WOOD,CHRISTMAS RETROSPOT TREE WOOD,CHRISTMAS RETROSPOT STAR WOOD,HEART WOODEN CHRISTMAS DECORATION,STAR WOODEN CHRISTMAS DECORATION,LARGE HANGING IVORY & RED WOOD BIRD,SMALL HANGING IVORY/RED WOOD BIRD
26,JUMBO BAG PINK POLKADOT,JUMBO  BAG BAROQUE BLACK WHITE,JUMBO BAG CHARLIE AND LOLA TOYS,STRAWBERRY CHARLOTTE BAG,RED 3 PIECE RETROSPOT CUTLERY SET,BLUE 3 PIECE POLKADOT CUTLERY SET,SET/6 RED SPOTTY PAPER PLATES,LUNCH BAG RED RETROSPOT,STRAWBERRY LUNCH BOX WITH CUTLERY,LUNCH BOX WITH CUTLERY RETROSPOT,PACK OF 72 RETROSPOT CAKE CASES,PACK OF 60 DINOSAUR CAKE CASES,PACK OF 60 PINK PAISLEY CAKE CASES,60 TEATIME FAIRY CAKE CASES,TOMATO CHARLIE+LOLA COASTER SET,CHARLIE & LOLA WASTEPAPER BIN FLORA,RED CHARLIE+LOLA PERSONAL DOORSIGN,JUMBO STORAGE BAG SUKI,JUMBO BAG PINK VINTAGE PAISLEY
27,CLASSIC FRENCH STYLE BASKET NATURAL,CRAZY DAISY HEART DECORATION,GIN + TONIC DIET METAL SIGN,IVORY GIANT GARDEN THERMOMETER,CARD HOLDER GINGHAM HEART,SMALL STRIPES CHOCOLATE GIFT BAG,S/6 WOODEN SKITTLES IN COTTON BAG,HAND WARMER RED RETROSPOT,HAND WARMER UNION JACK,FRENCH WC SIGN BLUE METAL,PINK UNION JACK  LUGGAGE TAG,TRAY, BREAKFAST IN BED,PIZZA PLATE IN BOX,HEART OF WICKER LARGE,PINK HEART DOTS HOT WATER BOTTLE,PLACE SETTING WHITE HEART,SET OF 4 NAPKIN CHARMS LEAVES,SET OF 4 NAPKIN CHARMS STARS,SET OF 4 NAPKIN CHARMS CUTLERY,CARAVAN SQUARE TISSUE BOX,PLASTERS IN TIN SKULLS,PLASTERS IN TIN SPACEBOY,BUTTON BOX,PLASTERS IN TIN VINTAGE PAISLEY,12 MESSAGE CARDS WITH ENVELOPES,SMALL RED BABUSHKA NOTEBOOK,CUPCAKE LACE PAPER SET 6,PACK 3 BOXES CHRISTMAS PANNETONE,HERB MARKER MINT,HERB MARKER ROSEMARY,HERB MARKER BASIL,HERB MARKER CHIVES,HERB MARKER PARSLEY,HERB MARKER THYME,WHITE HANGING HEART T-LIGHT HOLDER,METAL MERRY CHRISTMAS WREATH,WHITE CHRISTMAS GARLAND STARS TREES,RETROSPOT SMALL TUBE MATCHES,RETROSPOT GIANT TUBE MATCHES,PLACE SETTING WHITE STAR,GROW YOUR OWN BASIL IN ENAMEL MUG,36 FOIL STAR CAKE CASES,36 FOIL HEART CAKE CASES,PACK OF 6 SWEETIE GIFT BOXES,PACK OF 6 HANDBAG GIFT BOXES,GARLAND WOODEN HAPPY EASTER,CALENDAR PAPER CUT DESIGN,CALENDAR IN SEASON DESIGN,SMALL POPCORN HOLDER,BLUE PAISLEY TISSUE BOX,HEART OF WICKER SMALL,SKULLS SQUARE TISSUE BOX,PINK PAISLEY SQUARE TISSUE BOX,PACK OF 6 HANDBAG GIFT BOXES,TOAST ITS - HAPPY BIRTHDAY,SET/10 IVORY POLKADOT PARTY CANDLES,SET/10 BLUE POLKADOT PARTY CANDLES,SET/10 PINK POLKADOT PARTY CANDLES,SET OF 3 HEART COOKIE CUTTERS,PACK OF 12 HEARTS DESIGN TISSUES,SKULLS STORAGE BOX SMALL,REX CASH+CARRY JUMBO SHOPPER,JUMBO STORAGE BAG SKULLS,GARDEN PATH JOURNAL,HEART OF WICKER SMALL,BLACK ORANGE SQUEEZER,SET OF 72 GREEN PAPER DOILIES,RETROSPOT RED WASHING UP GLOVES,SMALL LICORICE DES PINK BOWL,SWISS ROLL TOWEL, CHOCOLATE  SPOTS,PICNIC BASKET WICKER LARGE
28,FRENCH WC SIGN BLUE METAL,KINGS CHOICE GIANT TUBE MATCHES,72 SWEETHEART FAIRY CAKE CASES,ASSORTED COLOUR BIRD ORNAMENT,FAIRY SOAP SOAP HOLDER,GREEN GIANT GARDEN THERMOMETER,IVORY GIANT GARDEN THERMOMETER,BLUE GIANT GARDEN THERMOMETER,PACK OF 60 PINK PAISLEY CAKE CASES,RETROSPOT HEART HOT WATER BOTTLE,CHICK GREY HOT WATER BOTTLE,VICTORIAN SEWING BOX SMALL,VICTORIAN SEWING BOX MEDIUM,SET/10 RED POLKADOT PARTY CANDLES,WASHROOM METAL SIGN,JAM MAKING SET WITH JARS,JAM MAKING SET PRINTED
29,ROSE COTTAGE KEEPSAKE BOX,BLUE CHARLIE+LOLA PERSONAL DOORSIGN,CHARLIE+LOLA"EXTREMELY BUSY" SIGN,CHARLOTTE BAG SUKI DESIGN,LOLITA  DESIGN  COTTON TOTE BAG,LETS GO SHOPPING COTTON TOTE BAG,FELTCRAFT BUTTERFLY HEARTS,3 STRIPEY MICE FELTCRAFT,MINI PAINT SET VINTAGE,PAINT YOUR OWN CANVAS SET,CAMOUFLAGE LED TORCH,BLUE DRAGONFLY HELICOPTER,YELLOW SHARK HELICOPTER,RED SHARK HELICOPTER,TOOL BOX SOFT TOY,DOCTOR'S BAG SOFT TOY,WOODEN BOX OF DOMINOES,TRADITIONAL WOODEN SKIPPING ROPE,BOX OF VINTAGE ALPHABET BLOCKS,CARRIAGE,RED  HARMONICA IN BOX
30,PINK 3 PIECE POLKADOT CUTLERY SET,PINK PARTY BAGS,BLUE PARTY BAGS,FELTCRAFT PRINCESS CHARLOTTE DOLL,PINK CREAM FELT CRAFT TRINKET BOX,FELTCRAFT CUSHION BUTTERFLY,RED RETROSPOT OVEN GLOVE DOUBLE,RIDGED GLASS STORAGE JAR CREAM LID,BOX OF 6 ASSORTED COLOUR TEASPOONS,PACK OF 20 NAPKINS PANTRY DESIGN,HAND WARMER OWL DESIGN,HAND WARMER SCOTTY DOG DESIGN,HAND WARMER RED RETROSPOT,SWEETHEART CAKESTAND 3 TIER,STAR DECORATION PAINTED ZINC,CHRISTMAS HANGING STAR WITH BELL,SILK PURSE BABUSHKA PINK,MULTICOLOUR  CONFETTI IN TUBE,ORANGE SCENTED SET/9 T-LIGHTS,SET/10 RED POLKADOT PARTY CANDLES,PLACE SETTING WHITE HEART,ZINC METAL HEART DECORATION,AGED GLASS SILVER T-LIGHT HOLDER,CHOCOLATE 3 WICK MORRIS BOX CANDLE,SET OF 16 VINTAGE PISTACHIO CUTLERY,CINAMMON SET OF 9 T-LIGHTS,RIBBON REEL CHRISTMAS SOCK BAUBLE,RETRO COFFEE MUGS ASSORTED,CHRISTMAS LIGHTS 10 REINDEER,CHRISTMAS TOILET ROLL,PLACE SETTING WHITE HEART,ZINC METAL HEART DECORATION,SET/5 RED RETROSPOT LID GLASS BOWLS,FELTCRAFT PRINCESS CHARLOTTE DOLL,PINK HEARTS PAPER GARLAND,BLUE 3 PIECE POLKADOT CUTLERY SET,CHRISTMAS HANGING STAR WITH BELL,WHITE BELL HONEYCOMB PAPER,BLACK/BLUE POLKADOT UMBRELLA,SET/10 BLUE POLKADOT PARTY CANDLES,4 PURPLE FLOCK DINNER CANDLES,PINK & WHITE BREAKFAST TRAY,PIZZA PLATE IN BOX,ENGLISH ROSE SPIRIT LEVEL,SET/10 RED POLKADOT PARTY CANDLES,SET/10 PINK POLKADOT PARTY CANDLES,LARGE ROUND WICKER PLATTER,FELTCRAFT HAIRBAND PINK AND PURPLE,RIDGED GLASS STORAGE JAR CREAM LID,HAND WARMER RED RETROSPOT,SET/10 PINK POLKADOT PARTY CANDLES,BLACK TEA TOWEL CLASSIC DESIGN,JUMBO BAG RED RETROSPOT,JUMBO STORAGE BAG SUKI
31,VICTORIAN SEWING BOX LARGE
32,HOMEMADE JAM SCENTED CANDLES,GRAND CHOCOLATECANDLE,FAIRY CAKE BIRTHDAY CANDLE SET,SET OF 6 T-LIGHTS TOADSTOOLS,3 HOOK PHOTO SHELF ANTIQUE WHITE,WOOD S/3 CABINET ANT WHITE FINISH,METAL 4 HOOK HANGER FRENCH CHATEAU,CREAM SWEETHEART WALL CABINET,DOORMAT ENGLISH ROSE,DOORMAT UNION FLAG,DOORMAT TOPIARY,VINTAGE UNION JACK APRON,ROUND SNACK BOXES SET OF4 WOODLAND,REGENCY CAKESTAND 3 TIER,STAR PORTABLE TABLE LIGHT,PLASTERS IN TIN VINTAGE PAISLEY,PLASTERS IN TIN WOODLAND ANIMALS,ROMANTIC IMAGES NOTEBOOK SET,CURIOUS  IMAGES NOTEBOOK SET,VINTAGE KEEPSAKE BOX PARIS DAYS,RED GINGHAM ROSE JEWELLERY BOX,HAND WARMER BIRD DESIGN,HAND WARMER RED RETROSPOT,ENGLISH ROSE HOT WATER BOTTLE,HOT WATER BOTTLE TEA AND SYMPATHY,FAWN BLUE HOT WATER BOTTLE,RECYCLING BAG RETROSPOT
33,HOT WATER BOTTLE TEA AND SYMPATHY,RED HANGING HEART T-LIGHT HOLDER
34,RETROSPOT TEA SET CERAMIC 11 PC,GIRLY PINK TOOL SET,JUMBO SHOPPER VINTAGE RED PAISLEY,AIRLINE LOUNGE,METAL SIGN,WHITE SPOT RED CERAMIC DRAWER KNOB,RED DRAWER KNOB ACRYLIC EDWARDIAN,CLEAR DRAWER KNOB ACRYLIC EDWARDIAN,PHOTO CLIP LINE,FELT EGG COSY CHICKEN,PIGGY BANK RETROSPOT,SKULL SHOULDER BAG,YOU'RE CONFUSING ME METAL SIGN,COOK WITH WINE METAL SIGN,GIN + TONIC DIET METAL SIGN,YELLOW BREAKFAST CUP AND SAUCER,PINK BREAKFAST CUP AND SAUCER,PAPER CHAIN KIT 50'S CHRISTMAS,PAPER CHAIN KIT RETROSPOT,SMALL HEART FLOWERS HOOK,PHOTO CLIP LINE,TEA TIME DES TEA COSY,FELT EGG COSY WHITE RABBIT,ZINC WILLIE WINKIE  CANDLE STICK,CERAMIC CHERRY CAKE MONEY BANK,RETROSPOT LARGE MILK JUG,SET OF 6 FUNKY BEAKERS,EDWARDIAN PARASOL BLACK,EDWARDIAN PARASOL NATURAL,CERAMIC STRAWBERRY CAKE MONEY BANK,BLUE OWL SOFT TOY,BALLOON ART MAKE YOUR OWN FLOWERS,RED TOADSTOOL LED NIGHT LIGHT,GLASS CLOCHE SMALL,GUMBALL MONOCHROME COAT RACK,DOORMAT FANCY FONT HOME SWEET HOME,SET OF 3 COLOURED  FLYING DUCKS
35,HAND WARMER SCOTTY DOG DESIGN,HAND WARMER BABUSHKA DESIGN,HAND WARMER OWL DESIGN,HAND WARMER BIRD DESIGN,CHOCOLATE HOT WATER BOTTLE
36,GIN & TONIC DIET GREETING CARD,BIRTHDAY CARD, RETRO SPOT,FANCY FONT BIRTHDAY CARD,,WRAP RED APPLES,RED RETROSPOT WRAP,EDWARDIAN PARASOL NATURAL,EDWARDIAN PARASOL BLACK,EDWARDIAN PARASOL RED,WRAP CHRISTMAS SCREEN PRINT,RED RETROSPOT WRAP,FANCY FONTS BIRTHDAY WRAP,CLASSIC WHITE FRAME,ALARM CLOCK BAKELIKE RED,ALARM CLOCK BAKELIKE GREEN,ALARM CLOCK BAKELIKE IVORY,PAPER CHAIN KIT 50'S CHRISTMAS,PAPER CHAIN KIT VINTAGE CHRISTMAS,BLACK DINER WALL CLOCK,BLUE DINER WALL CLOCK,RED DINER WALL CLOCK,IVORY DINER WALL CLOCK,DOORMAT PEACE ON EARTH BLUE,FAMILY PHOTO FRAME CORNICE
37,PAPER CHAIN KIT 50'S CHRISTMAS,PAPER CHAIN KIT VINTAGE CHRISTMAS,HOT WATER BOTTLE BABUSHKA
38,CARD PSYCHEDELIC APPLES,HAND WARMER OWL DESIGN,PACK OF 6 BIRDY GIFT TAGS,COSY HOUR GIANT TUBE MATCHES,SET OF 72 GREEN PAPER DOILIES,IVORY ENCHANTED FOREST PLACEMAT,PACK 3 BOXES BIRD PANNETONE,PARTY CONES CANDY ASSORTED,3 TIER CAKE TIN GREEN AND CREAM,PACK OF 6 PANNETONE GIFT BOXES,PARTY CONE CHRISTMAS DECORATION,CUPCAKE LACE PAPER SET 6,JUMBO SHOPPER VINTAGE RED PAISLEY,RED TOADSTOOL LED NIGHT LIGHT,PACK OF 12 LONDON TISSUES,MEASURING TAPE BABUSHKA RED,HAND WARMER OWL DESIGN,VINTAGE PAISLEY STATIONERY SET,ROUND SNACK BOXES SET OF4 WOODLAND,RIBBON REEL STRIPES DESIGN,SCANDINAVIAN REDS RIBBONS,6 RIBBONS RUSTIC CHARM,TRADITIONAL CHRISTMAS RIBBONS,HAND WARMER OWL DESIGN,HAND WARMER BIRD DESIGN,PAPER CHAIN KIT VINTAGE CHRISTMAS,JAM JAR WITH GREEN LID,JAM MAKING SET WITH JARS,RED ENCHANTED FOREST PLACEMAT,IVORY ENCHANTED FOREST PLACEMAT,CHILDRENS DOLLY GIRL MUG,REGENCY CAKESTAND 3 TIER,TOADSTOOL MONEY BOX,CUPCAKE LACE PAPER SET 6,PACK 3 BOXES CHRISTMAS PANNETONE,PACK OF 6 PANNETONE GIFT BOXES,MAKE YOUR OWN MONSOON CARD KIT,MAKE YOUR OWN FLOWERPOWER CARD KIT,PAPER CHAIN KIT LONDON,PACK OF 6 BIRDY GIFT TAGS,SET 2 TEA TOWELS I LOVE LONDON,PAPER CHAIN KIT LONDON,MAKE YOUR OWN FLOWERPOWER CARD KIT,MAKE YOUR OWN MONSOON CARD KIT,JAM MAKING SET PRINTED,JUMBO SHOPPER VINTAGE RED PAISLEY,MEASURING TAPE BABUSHKA RED,MEASURING TAPE BABUSHKA BLUE,SET OF 72 GREEN PAPER DOILIES,PENCIL CASE LIFE IS BEAUTIFUL,FELTCRAFT CUSHION OWL,FELTCRAFT CUSHION RABBIT,WOODEN ROUNDERS GARDEN SET,CHILDS BREAKFAST SET DOLLY GIRL,CHILDS BREAKFAST SET SPACEBOY,3 TIER CAKE TIN GREEN AND CREAM,ROSE COTTAGE KEEPSAKE BOX
39,CHRISTMAS LIGHTS 10 VINTAGE BAUBLES,JOY WOODEN BLOCK LETTERS,NOEL WOODEN BLOCK LETTERS,PEACE WOODEN BLOCK LETTERS,RETROSPOT HEART HOT WATER BOTTLE,LOVEBIRD HANGING DECORATION WHITE,DOORMAT FANCY FONT HOME SWEET HOME,DOORMAT HEARTS,DOORMAT RED RETROSPOT,RETROSPOT CHILDRENS APRON,10 COLOUR SPACEBOY PEN,OFFICE MUG WARMER BLACK+SILVER
40,BIRD HOUSE HOT WATER BOTTLE,BOUDOIR SQUARE TISSUE BOX,SKULLS SQUARE TISSUE BOX,PHOTO FRAME CORNICE,SILK PURSE BABUSHKA RED,PICTURE DOMINOES,S/6 SEW ON CROCHET FLOWERS,SCANDINAVIAN REDS RIBBONS,BALLOONS  WRITING SET,JAM MAKING SET PRINTED,LAVENDER INCENSE IN TIN,TV DINNER TRAY VINTAGE PAISLEY,SET OF 4 ENGLISH ROSE PLACEMATS,SET OF 4 ENGLISH ROSE COASTERS,TRIPLE PHOTO FRAME CORNICE,FAMILY PHOTO FRAME CORNICE,MIRRORED DISCO BALL,DISCO BALL ROTATOR BATTERY OPERATED,SILVER LOOKING MIRROR,LADIES & GENTLEMEN METAL SIGN,METAL SIGN HER DINNER IS SERVED,YOU'RE CONFUSING ME METAL SIGN,DOORMAT TOPIARY,BATHROOM METAL SIGN,KITCHEN METAL SIGN,TOILET METAL SIGN,METAL SIGN TAKE IT OR LEAVE IT,I'M ON HOLIDAY METAL SIGN,GROW YOUR OWN BASIL IN ENAMEL MUG,SET/10 PINK POLKADOT PARTY CANDLES,SET 20 NAPKINS FAIRY CAKES DESIGN,60 TEATIME FAIRY CAKE CASES,SET OF 6 T-LIGHTS SNOWMEN,SET OF 6 T-LIGHTS SANTA,SET OF 9 HEART SHAPED BALLOONS,SANDWICH BATH SPONGE,APPLE BATH SPONGE,STRAWBERRY BATH SPONGE,BLACK PIRATE TREASURE CHEST,STAR PORTABLE TABLE LIGHT,SNOWFLAKE PORTABLE TABLE LIGHT,PINK OVAL JEWELLED MIRROR,RETROSPOT CIGAR BOX MATCHES,COSY HOUR GIANT TUBE MATCHES,JAZZ HEARTS PURSE NOTEBOOK,LUNCH BAG DOLLY GIRL DESIGN,WHITE HANGING HEART T-LIGHT HOLDER,CANDLEHOLDER PINK HANGING HEART,WOOD 2 DRAWER CABINET WHITE FINISH,ASSORTED COLOUR MINI CASES,LUNCH BAG RED RETROSPOT,LUNCH BAG SPACEBOY DESIGN,LUNCH BAG WOODLAND,LUNCH BAG PINK POLKADOT,GUMBALL COAT RACK,BLUE NEW BAROQUE CANDLESTICK CANDLE,PINK NEW BAROQUECANDLESTICK CANDLE,FAIRY CAKE FLANNEL ASSORTED COLOUR,BREAD BIN DINER STYLE PINK,JUMBO BAG CHARLIE AND LOLA TOYS,TEA TIME TABLE CLOTH,ENGLISH ROSE HOT WATER BOTTLE,ENAMEL FIRE BUCKET CREAM,PICNIC BASKET WICKER SMALL
41,COSMETIC BAG VINTAGE ROSE PAISLEY,RETROSPOT PARTY BAG + STICKER SET,PINK ROSE FABRIC MIRROR,SILVER PLATE CANDLE BOWL SMALL,SMALL REGAL  SILVER CANDLEPOT,CAKE STAND VICTORIAN FILIGREE MED,REGENCY CAKESTAND 3 TIER,ANTIQUE GLASS DRESSING TABLE POT,ANTIQUE TALL SWIRLGLASS TRINKET POT,ANTIQUE GLASS PEDESTAL BOWL,GUMBALL MAGAZINE RACK
42,HYACINTH BULB T-LIGHT CANDLES,CHRISTMAS CRAFT WHITE FAIRY,CHRISTMAS CRAFT LITTLE FRIENDS,COSY HOUR CIGAR BOX MATCHES,RED TEA TOWEL CLASSIC DESIGN,HEART FILIGREE DOVE  SMALL,RETROSPOT CHILDRENS APRON,COLOURING PENCILS BROWN TUBE,4 IVORY DINNER CANDLES SILVER FLOCK,HEART FILIGREE DOVE  SMALL,ZINC METAL HEART DECORATION,GREEN FERN NOTEBOOK,BLUE PAISLEY NOTEBOOK,CHRYSANTHEMUM NOTEBOOK,LARGE CHINESE STYLE SCISSOR,SMALL CHINESE STYLE SCISSOR,S/6 WOODEN SKITTLES IN COTTON BAG,TRADITIONAL WOODEN SKIPPING ROPE,SET OF 6 SOLDIER SKITTLES,4 TRADITIONAL SPINNING TOPS,ROTATING SILVER ANGELS T-LIGHT HLDR,BLACK LOVE BIRD CANDLE,RETROSPOT CHILDRENS APRON,HANGING GLASS ETCHED TEALIGHT,HANGING GLASS ETCHED TEALIGHT,BLUE NEW BAROQUE CANDLESTICK CANDLE,COOKING SET RETROSPOT,KINGS CHOICE GIANT TUBE MATCHES,COSY HOUR GIANT TUBE MATCHES,PLACE SETTING WHITE STAR,HYACINTH BULB T-LIGHT CANDLES,S/15 SILVER GLASS BAUBLES IN BAG
43,WHITE WIRE EGG HOLDER,JUMBO  BAG BAROQUE BLACK WHITE,JUMBO BAG RED RETROSPOT,CHILLI LIGHTS,LIGHT GARLAND BUTTERFILES PINK,WOODEN OWLS LIGHT GARLAND,FAIRY TALE COTTAGE NIGHTLIGHT,RED TOADSTOOL LED NIGHT LIGHT
44,INFLATABLE POLITICAL GLOBE,VINTAGE SNAKES & LADDERS,CHOCOLATE CALCULATOR,JUMBO SHOPPER VINTAGE RED PAISLEY,RECYCLING BAG RETROSPOT,TOY TIDY PINK POLKADOT,ANTIQUE GLASS DRESSING TABLE POT,ALARM CLOCK BAKELIKE GREEN,IVORY GIANT GARDEN THERMOMETER,3 TIER CAKE TIN GREEN AND CREAM,3 TIER CAKE TIN RED AND CREAM,SET 3 WICKER OVAL BASKETS W LIDS
45,SMALL GLASS HEART TRINKET POT,RED WOOLLY HOTTIE WHITE HEART.,BLACK RECORD COVER FRAME,RECORD FRAME 7" SINGLE SIZE,36 PENCILS TUBE RED RETROSPOT,36 PENCILS TUBE WOODLAND,SET OF 6 SOLDIER SKITTLES,ROCKING HORSE RED CHRISTMAS,CHRISTMAS GINGHAM HEART,CHRISTMAS GINGHAM STAR,HAND WARMER UNION JACK,HAND WARMER RED RETROSPOT,REGENCY CAKESTAND 3 TIER,JUMBO SHOPPER VINTAGE RED PAISLEY
46,HEART IVORY TRELLIS SMALL,CLEAR DRAWER KNOB ACRYLIC EDWARDIAN,PINK DRAWER KNOB ACRYLIC EDWARDIAN,GREEN DRAWER KNOB ACRYLIC EDWARDIAN,BLUE DRAWER KNOB ACRYLIC EDWARDIAN,HEART OF WICKER SMALL,SMALL POPCORN HOLDER,SET 6 FOOTBALL CELEBRATION CANDLES,SET OF 6 GIRLS CELEBRATION CANDLES,ROMANTIC PINKS RIBBONS,BRIGHT BLUES RIBBONS,SCANDINAVIAN REDS RIBBONS,CHOCOLATE BOX RIBBONS,PARTY INVITES FOOTBALL,PARTY INVITES JAZZ HEARTS,PARTY INVITES SPACEMAN,SET OF 3 BUTTERFLY COOKIE CUTTERS,SET OF 3 HEART COOKIE CUTTERS,3 PIECE SPACEBOY COOKIE CUTTER SET,PACK OF 72 SKULL CAKE CASES,PACK OF 60 SPACEBOY CAKE CASES,PACK OF 72 RETROSPOT CAKE CASES,72 SWEETHEART FAIRY CAKE CASES,PACK OF 60 DINOSAUR CAKE CASES,LUNCH BAG SUKI  DESIGN,LUNCH BAG CARS BLUE,LUNCH BAG  BLACK SKULL.,HEART IVORY TRELLIS LARGE
47,HOME BUILDING BLOCK WORD,LOVE BUILDING BLOCK WORD,DOORMAT FANCY FONT HOME SWEET HOME,HOME SMALL WOOD LETTERS,GINGHAM HEART  DOORSTOP RED,FIVE HEART HANGING DECORATION,HANGING METAL HEART LANTERN,ASSORTED BOTTLE TOP  MAGNETS,FRIDGE MAGNETS US DINER ASSORTED,HOMEMADE JAM SCENTED CANDLES,FRIDGE MAGNETS LES ENFANTS ASSORTED,ROSE CARAVAN DOORSTOP,HEART OF WICKER SMALL,5 HOOK HANGER MAGIC TOADSTOOL
48,LUNCH BAG SPACEBOY DESIGN,LUNCH BAG  BLACK SKULL.,LUNCH BAG SUKI  DESIGN,JUMBO BAG PINK POLKADOT,JUMBO BAG RED RETROSPOT,RECYCLING BAG RETROSPOT,JUMBO BAG WOODLAND ANIMALS,JUMBO BAG STRAWBERRY,JUMBO  BAG BAROQUE BLACK WHITE,JUMBO STORAGE BAG SKULLS,JUMBO BAG SCANDINAVIAN PAISLEY,JUMBO SHOPPER VINTAGE RED PAISLEY,JUMBO STORAGE BAG SUKI,JUMBO BAG TOYS,JUMBO BAG OWLS,WHITE HANGING HEART T-LIGHT HOLDER
49,ASSORTED COLOUR BIRD ORNAMENT,LANTERN CREAM GAZEBO,BLUE BIRDHOUSE DECORATION,WHITE HANGING HEART T-LIGHT HOLDER,REGENCY CAKESTAND 3 TIER
50,WOODEN BOX OF DOMINOES,TRADITIONAL WOODEN CATCH CUP GAME,TRADITIONAL WOODEN SKIPPING ROPE,S/6 WOODEN SKITTLES IN COTTON BAG,RED METAL BEACH SPADE,BOYS VINTAGE TIN SEASIDE BUCKET,GIRLS VINTAGE TIN SEASIDE BUCKET,GREY HEART HOT WATER BOTTLE,SCOTTIE DOG HOT WATER BOTTLE,BIRD HOUSE HOT WATER BOTTLE,KINGS CHOICE TEA CADDY,KINGS CHOICE BISCUIT TIN,METAL SIGN EMPIRE TEA,HOMEMADE JAM SCENTED CANDLES
51,RETROSPOT RED WASHING UP GLOVES,POLKADOT PEN,DECORATIVE PLANT POT WITH FRIEZE,FRENCH BLUE METAL DOOR SIGN 5,CHEST OF DRAWERS GINGHAM HEART,RED RETROSPOT CAKE STAND
52,ANTIQUE SILVER TEA GLASS ENGRAVED,AGED GLASS SILVER T-LIGHT HOLDER
53,VINTAGE UNION JACK CUSHION COVER,POLYESTER FILLER PAD 45x45cm,DOLLY GIRL LUNCH BOX,PACK OF 12 LONDON TISSUES,CARD DOLLY GIRL,CARD BILLBOARD FONT,RAINY LADIES BIRTHDAY CARD,GREY HEART HOT WATER BOTTLE,RED WOOLLY HOTTIE WHITE HEART.,RED WHITE SCARF  HOT WATER BOTTLE,SET 2 TEA TOWELS I LOVE LONDON,SET OF 2 TEA TOWELS APPLE AND PEARS,SET/2 RED RETROSPOT TEA TOWELS,LOVE BUILDING BLOCK WORD,HOME BUILDING BLOCK WORD
54,SET 3 WICKER OVAL BASKETS W LIDS,JAM MAKING SET PRINTED,JAM MAKING SET WITH JARS,JUMBO BAG DOLLY GIRL DESIGN,TRADITIONAL CHRISTMAS RIBBONS,ORGANISER WOOD ANTIQUE WHITE,LUNCH BAG DOLLY GIRL DESIGN
55,CHRISTMAS LIGHTS 10 REINDEER,JAM MAKING SET WITH JARS,JAM MAKING SET PRINTED,JAM JAR WITH PINK LID,JAM JAR WITH GREEN LID,ROSE COTTAGE KEEPSAKE BOX,HANGING HEART ZINC T-LIGHT HOLDER,PAPER CHAIN KIT VINTAGE CHRISTMAS,DISCO BALL CHRISTMAS DECORATION,WHITE HANGING HEART T-LIGHT HOLDER,SMALL POPCORN HOLDER,LARGE POPCORN HOLDER,RETROSPOT LARGE MILK JUG,SET/20 RED RETROSPOT PAPER NAPKINS,SET/6 RED SPOTTY PAPER PLATES,SET/6 RED SPOTTY PAPER CUPS,POLKADOT RAIN HAT,DELUXE SEWING KIT,RETROSPOT HEART HOT WATER BOTTLE,KNITTED UNION FLAG HOT WATER BOTTLE,ENGLISH ROSE HOT WATER BOTTLE,PHOTO CUBE,HOMEMADE JAM SCENTED CANDLES,JUMBO BAG RED RETROSPOT
56,PLASTERS IN TIN CIRCUS PARADE,PACK OF 12 PINK PAISLEY TISSUES,PACK OF 12 BLUE PAISLEY TISSUES,PACK OF 12 RED RETROSPOT TISSUES,CHICK GREY HOT WATER BOTTLE,PLASTERS IN TIN VINTAGE PAISLEY,PLASTERS IN TIN SKULLS
57,SWISS ROLL TOWEL, CHOCOLATE  SPOTS,CREAM SLICE FLANNEL CHOCOLATE SPOT,CREAM SLICE FLANNEL PINK SPOT,GREEN REGENCY TEACUP AND SAUCER
58,JAM MAKING SET PRINTED
59,HAND WARMER RED RETROSPOT,CHARLOTTE BAG SUKI DESIGN
60,WHITE HANGING HEART T-LIGHT HOLDER,WHITE METAL LANTERN,CREAM CUPID HEARTS COAT HANGER,KNITTED UNION FLAG HOT WATER BOTTLE,RED WOOLLY HOTTIE WHITE HEART.,SET 7 BABUSHKA NESTING BOXES,GLASS STAR FROSTED T-LIGHT HOLDER,HAND WARMER UNION JACK,HAND WARMER RED POLKA DOT,HAND WARMER RED POLKA DOT,HAND WARMER UNION JACK,WHITE HANGING HEART T-LIGHT HOLDER,WHITE METAL LANTERN,CREAM CUPID HEARTS COAT HANGER,EDWARDIAN PARASOL RED,RETRO COFFEE MUGS ASSORTED,SAVE THE PLANET MUG,VINTAGE BILLBOARD DRINK ME MUG,VINTAGE BILLBOARD LOVE/HATE MUG,WOOD 2 DRAWER CABINET WHITE FINISH,WOOD S/3 CABINET ANT WHITE FINISH,WOODEN PICTURE FRAME WHITE FINISH,WOODEN FRAME ANTIQUE WHITE,KNITTED UNION FLAG HOT WATER BOTTLE,RED WOOLLY HOTTIE WHITE HEART.,SET 7 BABUSHKA NESTING BOXES,GLASS STAR FROSTED T-LIGHT HOLDER,WHITE HANGING HEART T-LIGHT HOLDER,WHITE METAL LANTERN,CREAM CUPID HEARTS COAT HANGER,EDWARDIAN PARASOL RED,RETRO COFFEE MUGS ASSORTED,SAVE THE PLANET MUG,VINTAGE BILLBOARD DRINK ME MUG,VINTAGE BILLBOARD LOVE/HATE MUG,WOOD 2 DRAWER CABINET WHITE FINISH,WOOD S/3 CABINET ANT WHITE FINISH,WOODEN PICTURE FRAME WHITE FINISH,WOODEN FRAME ANTIQUE WHITE,KNITTED UNION FLAG HOT WATER BOTTLE,RED WOOLLY HOTTIE WHITE HEART.,SET 7 BABUSHKA NESTING BOXES,GLASS STAR FROSTED T-LIGHT HOLDER,HAND WARMER RED POLKA DOT,HAND WARMER UNION JACK,WHITE HANGING HEART T-LIGHT HOLDER,WHITE METAL LANTERN,CREAM CUPID HEARTS COAT HANGER,EDWARDIAN PARASOL BLACK,EDWARDIAN PARASOL RED,RETRO COFFEE MUGS ASSORTED,SAVE THE PLANET MUG,VINTAGE BILLBOARD DRINK ME MUG,VINTAGE BILLBOARD LOVE/HATE MUG,WOOD 2 DRAWER CABINET WHITE FINISH,WOOD S/3 CABINET ANT WHITE FINISH,WOODEN PICTURE FRAME WHITE FINISH,WOODEN FRAME ANTIQUE WHITE,KNITTED UNION FLAG HOT WATER BOTTLE,RED WOOLLY HOTTIE WHITE HEART.,SET 7 BABUSHKA NESTING BOXES,IVORY EMBROIDERED QUILT,GLASS STAR FROSTED T-LIGHT HOLDER,HAND WARMER RED POLKA DOT,HAND WARMER UNION JACK,WHITE HANGING HEART T-LIGHT HOLDER,WHITE METAL LANTERN,CREAM CUPID HEARTS COAT HANGER,EDWARDIAN PARASOL RED,RETRO COFFEE MUGS ASSORTED,SAVE THE PLANET MUG,VINTAGE BILLBOARD DRINK ME MUG,VINTAGE BILLBOARD LOVE/HATE MUG,WOOD 2 DRAWER CABINET WHITE FINISH,WOOD S/3 CABINET ANT WHITE FINISH,WOODEN PICTURE FRAME WHITE FINISH,WOODEN FRAME ANTIQUE WHITE,KNITTED UNION FLAG HOT WATER BOTTLE,RED WOOLLY HOTTIE WHITE HEART.,SET 7 BABUSHKA NESTING BOXES,IVORY EMBROIDERED QUILT,GLASS STAR FROSTED T-LIGHT HOLDER,HAND WARMER RED POLKA DOT,HAND WARMER UNION JACK
61,RIBBON REEL SNOWY VILLAGE,VINTAGE UNION JACK BUNTING,JAM MAKING SET WITH JARS,RIBBON REEL STRIPES DESIGN,RETRO LONGBOARD IRONING BOARD COVER,3D DOG PICTURE PLAYING CARDS,RETROSPOT CIGAR BOX MATCHES,SET/9 CHRISTMAS T-LIGHTS SCENTED,ROTATING SILVER ANGELS T-LIGHT HLDR,ROTATING SILVER ANGELS T-LIGHT HLDR,SAVE THE PLANET COTTON TOTE BAG,SET OF 20 VINTAGE CHRISTMAS NAPKINS,PAPER BUNTING WHITE LACE,GENTLEMAN SHIRT REPAIR KIT,CARD I LOVE LONDON,PAPER CHAIN KIT VINTAGE CHRISTMAS,MIRRORED WALL ART FOXY,MIRRORED WALL ART GENTS,AIRLINE BAG VINTAGE JET SET WHITE,JAM MAKING SET PRINTED,POTTING SHED SOW 'N' GROW SET,BABUSHKA LIGHTS STRING OF 10,REX CASH+CARRY JUMBO SHOPPER,AIRLINE BAG VINTAGE WORLD CHAMPION,HAND WARMER BIRD DESIGN,CHRISTMAS CRAFT LITTLE FRIENDS,PINK HEARTS PAPER GARLAND,POTTING SHED SEED ENVELOPES,HI TEC ALPINE HAND WARMER,FELTCRAFT CHRISTMAS FAIRY,HI TEC ALPINE HAND WARMER,ROTATING SILVER ANGELS T-LIGHT HLDR,3 STRIPEY MICE FELTCRAFT,FELTCRAFT 6 FLOWER FRIENDS,CHRISTMAS CRAFT LITTLE FRIENDS,JAM MAKING SET WITH JARS
62,GLASS JAR ENGLISH CONFECTIONERY,GLASS JAR DIGESTIVE BISCUITS,MILK BOTTLE WITH GLASS STOPPER,ROSES REGENCY TEACUP AND SAUCER,VINTAGE BILLBOARD DRINK ME MUG,CHRISTMAS LIGHTS 10 REINDEER,WELCOME  WOODEN BLOCK LETTERS,REGENCY CAKESTAND 3 TIER,SET/4 MODERN VINTAGE COTTON NAPKINS,VINTAGE UNION JACK APRON,SET 3 WICKER OVAL BASKETS W LIDS,SWALLOW SQUARE TISSUE BOX,WASHROOM METAL SIGN,NO JUNK MAIL METAL SIGN,SLATE TILE NATURAL HANGING,SWALLOW SQUARE TISSUE BOX,VINTAGE GLASS COFFEE CADDY,SILVER GLASS T-LIGHT SET,RIDGED GLASS FINGER BOWL,GLASS  BEURRE DISH,RIDGED GLASS STORAGE JAR CREAM LID,CHRISTMAS LIGHTS 10 VINTAGE BAUBLES,JUMBO SHOPPER VINTAGE RED PAISLEY
63,5 STRAND GLASS NECKLACE CRYSTAL,WHITE SKULL HOT WATER BOTTLE,SCOTTIE DOG HOT WATER BOTTLE,SQUARECUSHION COVER PINK UNION FLAG,SPACEBOY CHILDRENS EGG CUP,CHILDREN'S SPACEBOY MUG,HAND WARMER SCOTTY DOG DESIGN,FELTCRAFT CUSHION OWL,BLACK CANDELABRA T-LIGHT HOLDER,TOY TIDY DOLLY GIRL DESIGN,SET 12 LAVENDER  BOTANICAL T-LIGHTS,UNION JACK FLAG LUGGAGE TAG,RED HEART LUGGAGE TAG,RED GLASS TASSLE BAG CHARM,CLEAR ACRYLIC FACETED BANGLE,5 STRAND GLASS NECKLACE CRYSTAL,DOORMAT UNION JACK GUNS AND ROSES,VANILLA SCENT CANDLE JEWELLED BOX,FULL ENGLISH BREAKFAST PLATE,BLACK CANDELABRA T-LIGHT HOLDER,MAGIC DRAWING SLATE CIRCUS PARADE,CHRISTMAS HANGING HEART WITH BELL,CAKE STAND VICTORIAN FILIGREE MED,PAISLEY PATTERN  STICKERS,FLOWERS  STICKERS,PINK NEW BAROQUECANDLESTICK CANDLE,BLUE NEW BAROQUE CANDLESTICK CANDLE,JUMBO STORAGE BAG SUKI,BLACK LOVE BIRD CANDLE,PARTY TIME PENCIL ERASERS,DISCO BALL CHRISTMAS DECORATION,PINK B'FLY C/COVER W BOBBLES,PINK UNION JACK  LUGGAGE TAG,6 RIBBONS ELEGANT CHRISTMAS,UNION JACK FLAG LUGGAGE TAG,AGED GLASS SILVER T-LIGHT HOLDER,BOOM BOX SPEAKER GIRLS,6 RIBBONS SHIMMERING PINKS,SET 2 TEA TOWELS I LOVE LONDON,JUMBO BAG OWLS,SANDWICH BATH SPONGE,OWL DOORSTOP,5 STRAND GLASS NECKLACE CRYSTAL,HAND WARMER UNION JACK,HAND WARMER SCOTTY DOG DESIGN,LARGE POPCORN HOLDER,PAINTED METAL STAR WITH HOLLY BELLS,PAINTED METAL HEART WITH HOLLY BELL,ANGEL DECORATION STARS ON DRESS,SMALL POPCORN HOLDER,JUMBO BAG RED RETROSPOT,JUMBO BAG STRAWBERRY,STRAWBERRY SHOPPER BAG,STRAWBERRY CHARLOTTE BAG,SET 2 TEA TOWELS I LOVE LONDON,PACK OF 12 RED RETROSPOT TISSUES,SCOTTIE DOG HOT WATER BOTTLE,CHOCOLATE HOT WATER BOTTLE
64,LUNCH BAG CARS BLUE,LUNCH BAG SPACEBOY DESIGN,ROUND SNACK BOXES SET OF4 WOODLAND,LUNCH BAG DOLLY GIRL DESIGN,LUNCH BAG SUKI  DESIGN,LUNCH BAG  BLACK SKULL.,ROUND SNACK BOXES SET OF 4 FRUITS,ROUND SNACK BOXES SET OF 4 SKULLS,DOLLY GIRL LUNCH BOX,SPACEBOY LUNCH BOX,GREEN POLKADOT PLATE,BLUE POLKADOT PLATE,RED RETROSPOT PLATE,PINK  POLKADOT PLATE,ROUND SNACK BOXES SET OF 4 SKULLS,FELTCRAFT DOLL MOLLY,FELTCRAFT CHRISTMAS FAIRY,TRAVEL SEWING KIT,SET OF 3 NOTEBOOKS IN PARCEL,RED RETROSPOT TAPE,COSY SLIPPER SHOES SMALL  RED,6 RIBBONS RUSTIC CHARM,SCANDINAVIAN REDS RIBBONS,JAM MAKING SET PRINTED,12 DAISY PEGS IN WOOD BOX,HOT WATER BOTTLE BABUSHKA,FELTCRAFT PRINCESS CHARLOTTE DOLL,FELTCRAFT CHRISTMAS FAIRY,FELTCRAFT PRINCESS CHARLOTTE DOLL,6 RIBBONS RUSTIC CHARM,COSY SLIPPER SHOES SMALL  RED,SCANDINAVIAN REDS RIBBONS,5 HOOK HANGER RED MAGIC TOADSTOOL,CHRISTMAS CRAFT TREE TOP ANGEL,CHRISTMAS CRAFT LITTLE FRIENDS,5 HOOK HANGER RED MAGIC TOADSTOOL,6 RIBBONS RUSTIC CHARM,12 DAISY PEGS IN WOOD BOX,SET OF 3 NOTEBOOKS IN PARCEL,5 HOOK HANGER MAGIC TOADSTOOL,SCANDINAVIAN REDS RIBBONS,RED TOADSTOOL LED NIGHT LIGHT,5 HOOK HANGER RED MAGIC TOADSTOOL,COSY SLIPPER SHOES SMALL GREEN,COSY SLIPPER SHOES SMALL  RED,FELTCRAFT DOLL ROSIE,FELTCRAFT DOLL MOLLY,FELTCRAFT DOLL EMILY,FELTCRAFT PRINCESS CHARLOTTE DOLL,FELTCRAFT PRINCESS OLIVIA DOLL,REX CASH+CARRY JUMBO SHOPPER,FELTCRAFT DOLL MOLLY,FELTCRAFT CUSHION OWL,CHRISTMAS CRAFT TREE TOP ANGEL,CHRISTMAS CRAFT LITTLE FRIENDS,FELTCRAFT CUSHION RABBIT,FELTCRAFT CUSHION BUTTERFLY,12 DAISY PEGS IN WOOD BOX,PAPER CHAIN KIT 50'S CHRISTMAS,FELTCRAFT CUSHION BUTTERFLY,12 DAISY PEGS IN WOOD BOX,ROSE COTTAGE KEEPSAKE BOX,TOTE BAG I LOVE LONDON,12 DAISY PEGS IN WOOD BOX,TOTE BAG I LOVE LONDON,FOLDING UMBRELLA PINKWHITE POLKADOT,FOLDING UMBRELLA CREAM POLKADOT,FOLDING UMBRELLA WHITE/RED POLKADOT,SET 10 LIGHTS NIGHT OWL,SMALL POPCORN HOLDER,SET 2 TEA TOWELS I LOVE LONDON,FOLDING UMBRELLA RED/WHITE POLKADOT,BABUSHKA LIGHTS STRING OF 10,LUNCH BAG RED RETROSPOT,S/4 VALENTINE DECOUPAGE HEART BOX,FOLDING UMBRELLA CREAM POLKADOT,SET 2 TEA TOWELS I LOVE LONDON,FOLDING UMBRELLA RED/WHITE POLKADOT,SOLDIERS EGG CUP,S/4 VALENTINE DECOUPAGE HEART BOX,RED RETROSPOT MINI CASES
65,SET OF 3 BLACK FLYING DUCKS,SET OF 3 COLOURED  FLYING DUCKS
66,HAND WARMER OWL DESIGN,SET OF 2 WOODEN MARKET CRATES,SET OF 6 T-LIGHTS TOADSTOOLS,HAND WARMER UNION JACK,HAND WARMER SCOTTY DOG DESIGN
67,BLACK SWEETHEART BRACELET,DIAMANTE HAIR GRIP PACK/2 BLACK DIA,BLACK DIAMANTE EXPANDABLE RING,DIAMANTE HAIR GRIP PACK/2 RUBY,DIAMANTE HAIR GRIP PACK/2 MONTANA,BLUE SWEETHEART BRACELET,PINK SWEETHEART BRACELET,PURPLE SWEETHEART BRACELET,JUMBO BAG PINK POLKADOT,JUMBO BAG RED RETROSPOT,ASSORTED COLOUR BIRD ORNAMENT,PAPER CHAIN KIT 50'S CHRISTMAS,RIBBON REEL CHRISTMAS PRESENT,FIRST AID TIN,MAKE YOUR OWN MONSOON CARD KIT,PACK OF 12 HEARTS DESIGN TISSUES,PACK OF 12 RED RETROSPOT TISSUES,SOLDIERS EGG CUP,HEART IVORY TRELLIS SMALL,HEART FILIGREE DOVE  SMALL,HEART FILIGREE DOVE LARGE,PACK 3 BOXES BIRD PANNETONE,PACK 3 BOXES CHRISTMAS PANNETONE,SMALL POPCORN HOLDER,PACK OF 60 PINK PAISLEY CAKE CASES,SET OF 6 SOLDIER SKITTLES,SWIRLY CIRCULAR RUBBERS IN BAG,VINTAGE PAISLEY STATIONERY SET,PAPER CHAIN KIT VINTAGE CHRISTMAS,SET/10 BLUE POLKADOT PARTY CANDLES,RIBBON REEL SOCKS AND MITTENS,60 CAKE CASES VINTAGE CHRISTMAS,CHRISTMAS METAL TAGS ASSORTED,CHRISTMAS TREE T-LIGHT HOLDER,STAR  T-LIGHT HOLDER,HEART T-LIGHT HOLDER,MINI FUNKY DESIGN TAPES,SET OF 6 T-LIGHTS SNOWMEN,STAR WOODEN CHRISTMAS DECORATION,WOODEN HEART CHRISTMAS SCANDINAVIAN,CHRISTMAS RETROSPOT TREE WOOD,SET OF 6 T-LIGHTS SANTA,SET/9 CHRISTMAS T-LIGHTS SCENTED,BLUE ROSE FABRIC MIRROR,THREE CANVAS LUGGAGE TAGS,RETROSPOT PARTY BAG + STICKER SET,PLASTERS IN TIN VINTAGE PAISLEY,RETROSPOT SMALL TUBE MATCHES,HAND WARMER SCOTTY DOG DESIGN,3D CHRISTMAS STAMPS STICKERS,HAND WARMER SCOTTY DOG DESIGN,HAND WARMER SCOTTY DOG DESIGN,CLOTHES PEGS RETROSPOT PACK 24,36 FOIL HEART CAKE CASES,CHRISTMAS METAL TAGS ASSORTED,PACK OF 6 SWEETIE GIFT BOXES,PACK OF 72 RETROSPOT CAKE CASES,PACK OF 72 RETROSPOT CAKE CASES,PACK OF 6 BIRDY GIFT TAGS,SET/10 RED POLKADOT PARTY CANDLES,SET/10 PINK POLKADOT PARTY CANDLES,SET OF 3 NOTEBOOKS IN PARCEL,STAR  T-LIGHT HOLDER,CINAMMON SET OF 9 T-LIGHTS,ORANGE SCENTED SET/9 T-LIGHTS,RIBBON REEL STRIPES DESIGN,SET OF 2 TINS JARDIN DE PROVENCE,MAKE YOUR OWN PLAYTIME CARD KIT,DINOSAURS  WRITING SET,BALLOONS  WRITING SET,SKULLS WRITING SET,VINTAGE PAISLEY STATIONERY SET,COSY SLIPPER SHOES SMALL  RED,DOORMAT BLACK FLOCK,JUMBO  BAG BAROQUE BLACK WHITE,JAM MAKING SET WITH JARS,ORANGE SCENTED SET/9 T-LIGHTS,CINAMMON SET OF 9 T-LIGHTS,HAND WARMER SCOTTY DOG DESIGN,CHRISTMAS DECOUPAGE CANDLE,HEART T-LIGHT HOLDER,GROW YOUR OWN BASIL IN ENAMEL MUG,OFFICE MUG WARMER POLKADOT,SMALL POPCORN HOLDER,JUMBO BAG DOLLY GIRL DESIGN
68,WOOD BLACK BOARD ANT WHITE FINISH,COLOUR GLASS T-LIGHT HOLDER HANGING,HANGING METAL HEART LANTERN,HANGING MEDINA LANTERN SMALL,NATURAL SLATE HEART CHALKBOARD,HEART OF WICKER SMALL,HEART OF WICKER LARGE,WHITE LOVEBIRD LANTERN,CLASSIC METAL BIRDCAGE PLANT HOLDER,CREAM HEART CARD HOLDER,ENAMEL FLOWER JUG CREAM,ENAMEL FIRE BUCKET CREAM,ENAMEL BREAD BIN CREAM
69,SET OF 6 SOLDIER SKITTLES,FAWN BLUE HOT WATER BOTTLE,HAND WARMER RED RETROSPOT,HOT WATER BOTTLE BABUSHKA,WHITE SKULL HOT WATER BOTTLE,RETROSPOT HEART HOT WATER BOTTLE,RED WOOLLY HOTTIE WHITE HEART.,SCOTTIE DOG HOT WATER BOTTLE,GREY HEART HOT WATER BOTTLE
70,RETROSPOT HEART HOT WATER BOTTLE,ASSORTED COLOUR BIRD ORNAMENT,SET OF 2 CHRISTMAS DECOUPAGE CANDLE
